Vault_No,Vault_Name,Tech_Advancement_Crown
1,Balance Vault,Equilibrium Stabilization Engine
2,Hope Vault,Optimistic Energy Projection Node
3,Fate Vault,Probability Weave Analyzer
4,Time Vault,Chrono-Flow Regulation Module
5,Veil Vault,Dimensional Obscurity Layer
6,Flame Vault,Thermal Ignition Core
7,Ice Vault,Cryo-Stasis Preservation Field
8,Nature Vault,Bio-Harmony Growth Engine
9,Pyramid Vault,Structural Ascension Matrix
10,Operator Vault,Command Execution Kernel
11,Genesis Vault,Origin Sequence Generator
12,Origin Vault,Primordial Source Extractor
13,Light Vault,Photon Emission Amplifier
14,Shadow Vault,Umbral Density Modulator
15,Star Vault,Stellar Fusion Micro-Core
16,Moon Vault,Lunar Reflection Stabilizer
17,Sun Vault,Solar Radiance Converter
18,Sky Vault,Atmosphere Layer Controller
19,Ocean Vault,Hydro-Flow Resonance Engine
20,River Vault,Current-Path Mapping Node
21,Stone Vault,Mineral Compression Engine
22,Mountain Vault,Tectonic Pressure Stabilizer
23,Forest Vault,Eco-Growth Synchronizer
24,Storm Vault,Electro-Impact Discharge Node
25,Thunder Vault,Aero-Stream Acceleration Module
26,Wind Vault,Geo-Foundation Stabilizer
27,Earth Vault,Alloy Reinforcement Engine
28,Metal Vault,Prism-Energy Refractor
29,Crystal Vault,Ultra-Hardness Amplification Core
30,Diamond Vault,Life-Essence Infusion Node
31,Emerald Vault,Heat-Pulse Conduction Engine
32,Ruby Vault,Clarity-Wave Resonance Field
33,Sapphire Vault,Volcanic Glass Shield Layer
34,Obsidian Vault,Purity-Field Harmonizer
35,Pearl Vault,Wealth-Flow Conduction Engine
36,Gold Vault,Reflective Purity Matrix
37,Silver Vault,Durability Enhancement Node
38,Bronze Vault,Strength-Density Core
39,Iron Vault,Reinforced Alloy Matrix
40,Steel Vault,Collective Synchronization Engine
41,Unity Vault,Insight-Processing Kernel
42,Wisdom Vault,Force-Output Amplifier
43,Power Vault,Physical Capacity Enhancer
44,Strength Vault,Integrity-Protocol Engine
45,Honor Vault,Subconscious Projection Node
46,Dream Vault,Etheric Flow Stabilizer
47,Vision Vault,Essence Preservation Core
48,Spirit Vault,Cognitive Expansion Engine
49,Soul Vault,Emotional-Energy Synchronization Engine
50,Mind Vault,Sovereign Authority Matrix
51,Heart Vault,Leadership Command Kernel
52,Crown Vault,Influence-Field Harmonizer
53,King Vault,Ascension Potential Engine
54,Queen Vault,Grace-Flow Amplifier
55,Prince Vault,Protection Barrier Generator
56,Princess Vault,Surveillance Awareness Node
57,Guardian Vault,Preservation Lock Engine
58,Watcher Vault,Discovery Pathway Scanner
59,Keeper Vault,Dimensional Transit Module
60,Seeker Vault,Adaptive Mobility Engine
61,Traveler Vault,Journey Stabilization Field
62,Nomad Vault,Foresight Prediction Kernel
63,Pilgrim Vault,Revelation Transmission Node
64,Oracle Vault,Knowledge Recording Engine
65,Prophet Vault,Learning Acceleration Module
66,Scribe Vault,Growth-Cycle Enhancer
67,Scholar Vault,Skill-Perfection Engine
68,Student Vault,Construction Blueprint Generator
69,Master Vault,Innovation Spark Engine
70,Apprentice Vault,Prototype Fabrication Node
71,Builder Vault,System Optimization Kernel
72,Creator Vault,Structural Design Matrix
73,Inventor Vault,Aesthetic Pattern Engine
74,Engineer Vault,Expression-Flow Amplifier
75,Architect Vault,Symbolic Resonance Node
76,Designer Vault,Vocal Frequency Modulator
77,Artist Vault,Motion-Harmony Engine
78,Poet Vault,Combat Efficiency Module
79,Singer Vault,Honor-Bound Defense Engine
80,Dancer Vault,Precision-Strike Kernel
81,Warrior Vault,Stealth-Field Generator
82,Knight Vault,Target Acquisition Node
83,Samurai Vault,Trajectory Stabilization Engine
84,Ninja Vault,Arcane Energy Converter
85,Hunter Vault,Spell-Weave Amplifier
86,Archer Vault,Chaos-Energy Channeler
87,Mage Vault,Restoration Pulse Engine
88,Wizard Vault,Sacred Blessing Node
89,Sorcerer Vault,Inner-Balance Stabilizer
90,Healer Vault,Celestial Radiance Core
91,Priest Vault,Infernal Power Conduit
92,Monk Vault,Draconic Force Engine
93,Saint Vault,Rebirth Flame Generator
94,Angel Vault,Hybrid-Wing Stabilizer
95,Demon Vault,Massive Strength Kernel
96,Dragon Vault,Divine Authority Matrix
97,Phoenix Vault,Light-Shadow Fusion Engine
98,Griffin Vault,First-Light Activation Node
99,Titan Vault,Last-Light Transition Module
100,God Vault,Boundary-Shift Resonance Field
101,Eclipse Vault,Aurora Spectrum Generator
102,Dawn Vault,Galaxy-Wave Expansion Engine
103,Dusk Vault,Cosmic Density Modulator
104,Twilight Vault,Nebula-Cloud Formation Core
105,Aurora Vault,Comet-Tail Ionization Engine
106,Galaxy Vault,Meteor Impact Resonance Node
107,Cosmos Vault,Orbital Pathway Stabilizer
108,Nebula Vault,Axis-Shift Control Matrix
109,Comet Vault,Pulse-Wave Emission Engine
110,Meteor Vault,Wave-Flow Harmonic Engine
111,Orbit Vault,Echo-Signal Reflection Node
112,Axis Vault,Signal-Chain Transmission Core
113,Pulse Vault,Circuit-Flow Regulation Engine
114,Wave Vault,Code-Stream Execution Kernel
115,Echo Vault,Data-Field Compression Node
116,Signal Vault,Logic-Gate Synchronization Engine
117,Circuit Vault,Quantum-State Modulator
118,Code Vault,Particle-Spin Stabilizer
119,Data Vault,Atom-Bond Integrity Engine
120,Logic Vault,Molecule-Chain Formation Node
121,Quantum Vault,Cell-Growth Activation Engine
122,Particle Vault,DNA-Strand Encoding Module
123,Atom Vault,Genome-Sequence Mapping Core
124,Molecule Vault,Life-Cycle Regeneration Engine
125,Cell Vault,Birth-Spark Initiation Node
126,DNA Vault,Death-Cycle Termination Module
127,Genome Vault,Rebirth-Loop Activation Engine
128,Life Vault,Cycle-Flow Continuity Node
129,Birth Vault,Path-Mapping Algorithm
130,Death Vault,Journey-Route Projection Engine
131,Rebirth Vault,Gate-Access Control Node
132,Cycle Vault,Portal-Shift Stabilizer
133,Flow Vault,Bridge-Link Formation Engine
134,Path Vault,Tower-Core Structural Node
135,Journey Vault,Temple-Sanctity Field
136,Gate Vault,Shrine-Energy Conduit
137,Portal Vault,Altar-Focus Amplifier
138,Bridge Vault,Sanctum-Barrier Generator
139,Tower Vault,Citadel-Defense Matrix
140,Temple Vault,Fortress-Wall Reinforcement Engine
141,Shrine Vault,Castle-Core Stabilizer
142,Altar Vault,Palace-Flow Distribution Node
143,Sanctum Vault,Hall-Resonance Chamber
144,Citadel Vault,Chamber-Echo Modulator
145,Fortress Vault,Room-Field Stabilizer
146,Castle Vault,Library-Knowledge Retrieval Engine
147,Palace Vault,Archive-Memory Compression Node
148,Hall Vault,Scroll-Data Preservation Module
149,Chamber Vault,Book-Index Encoding Engine
150,Room Vault,Tablet-Inscription Matrix
151,Library Vault,Script-Glyph Generator
152,Archive Vault,Rune-Symbol Activation Node
153,Scroll Vault,Glyph-Pattern Resonance Engine
154,Book Vault,Sigil-Mark Projection Node
155,Tablet Vault,Mark-Seal Binding Engine
156,Script Vault,Seal-Lock Integrity Node
157,Rune Vault,Key-Access Encryption Engine
158,Glyph Vault,Lock-Mechanism Stabilizer
159,Sigil Vault,Chain-Link Reinforcement Node
160,Mark Vault,Bond-Thread Connection Engine
161,Seal Vault,Link-Web Formation Node
162,Key Vault,Thread-Weave Generator
163,Lock Vault,Web-Grid Network Engine
164,Chain Vault,Net-Matrix Expansion Node
165,Bond Vault,Grid-System Stabilizer
166,Link Vault,Matrix-Core Processing Engine
167,Thread Vault,System-Flow Regulation Node
168,Web Vault,Network-Signal Routing Engine
169,Net Vault,Engine-Power Distribution Core
170,Grid Vault,Machine-Motion Control Node
171,Matrix Vault,Device-Interface Kernel
172,System Vault,Tool-Function Amplifier
173,Network Vault,Weapon-Force Projection Engine
174,Engine Vault,Shield-Barrier Stabilizer
175,Machine Vault,Armor-Density Reinforcement Node
176,Device Vault,Banner-Symbol Projection Engine
177,Tool Vault,Flag-Identity Matrix
178,Weapon Vault,Emblem-Mark Generator
179,Shield Vault,Symbol-Meaning Encoding Node
180,Armor Vault,Icon-Identity Projection Engine
181,Banner Vault,Image-Reflection Node
182,Flag Vault,Mirror-Echo Stabilizer
183,Emblem Vault,Reflection-Field Modulator
184,Symbol Vault,Visionary-Sight Expansion Engine
185,Icon Vault,Prophecy-Signal Receiver
186,Image Vault,Destiny-Pathway Engine
187,Mirror Vault,Legacy-Lineage Preservation Node
188,Reflection Vault,Heritage-Memory Core
189,Visionary Vault,Ancestor-Line Mapping Engine
190,Prophecy Vault,Clan-Bond Synchronizer
191,Destiny Vault,Tribe-Unity Node
192,Legacy Vault,Nation-Identity Matrix
193,Heritage Vault,Empire-Expansion Engine
194,Ancestor Vault,Realm-Stability Core
195,Clan Vault,World-Cycle Regulator
196,Tribe Vault,Universe-Field Expansion Engine
197,Nation Vault,Infinity-Loop Continuity Node
198,Empire Vault,Eternity-Flow Stabilizer
199,Realm Vault,Justice-Balance Engine
200,World Vault,Balancekeeper-Equilibrium Node
201,Infinity Vault,Harmony-Wave Generator
202,Eternity Vault,Order-Structure Matrix
203,Chaos Vault,Chaos-Entropy Modulator
204,Justice Vault,Equilibrium-Field Stabilizer
205,Balancekeeper Vault,Destiny-Thread Engine
206,Harmony Vault,Fatekeeper-Probability Node
207,Order Vault,Chronos-Timeflow Engine
208,Chaos Vault,Aeon-Cycle Expansion Node
209,Equilibrium Vault,Infinity-Crown Continuity Engine
210,Destiny Vault,Aeon-Cycle Expansion Engine
211,Fatekeeper Vault,Timeless-Crown Stabilization Node
212,Chronos Vault,Eternal-Flame Continuity Core
213,Aeon Vault,Sacred-Energy Conduit
214,Infinity Crown Vault,Divine-Field Amplifier
215,Timeless Vault,Celestial-Wave Generator
216,Eternal Flame Vault,Astral-Flow Modulator
217,Sacred Vault,Solar-Flare Conversion Engine
218,Divine Vault,Lunar-Phase Synchronizer
219,Celestial Vault,Stellar-Light Expansion Node
220,Astral Vault,Galactic-Core Density Engine
221,Solar Vault,Universal-Field Modulator
222,Lunar Vault,Multiverse-Layer Stabilizer
223,Stellar Vault,Omniverse-Continuum Engine
224,Galactic Vault,Creation-Spark Generator
225,Universal Vault,Origin-Crown Activation Node
226,Multiverse Vault,Primordial-Essence Engine
227,Omniverse Vault,Elemental-Force Modulator
228,Creation Vault,Essence-Core Stabilizer
229,Origin Crown Vault,Source-Flow Generator
230,Primordial Vault,Well-Spring Activation Node
231,Elemental Vault,Spring-Pulse Engine
232,Essence Vault,River-Crown Flow Regulator
233,Core Vault,Ocean-Crown Depth Engine
234,Source Vault,Sky-Crown Atmosphere Node
235,Well Vault,Storm-Crown Turbulence Engine
236,Spring Vault,Thunder-Crown Discharge Node
237,River Crown Vault,Lightning-Crown Conduction Engine
238,Ocean Crown Vault,Tempest-Crown Vortex Node
239,Sky Crown Vault,Cyclone-Crown Spiral Engine
240,Storm Crown Vault,Hurricane-Crown Pressure Node
241,Thunder Crown Vault,Volcano-Core Eruption Engine
242,Lightning Vault,Earthquake-Wave Disruption Node
243,Tempest Vault,Tsunami-Surge Amplifier
244,Cyclone Vault,Avalanche-Mass Shift Engine
245,Hurricane Vault,Blizzard-Freeze Field
246,Volcano Vault,Wildfire-Ignition Engine
247,Earthquake Vault,Nature-Crown Growth Node
248,Tsunami Vault,Forest-Crown Life Engine
249,Avalanche Vault,Mountain-Crown Stability Node
250,Blizzard Vault,Valley-Flow Resonance Engine
251,Wildfire Vault,Desert-Heat Modulator
252,Nature Crown Vault,Oasis-Hydration Node
253,Forest Crown Vault,Island-Formation Engine
254,Mountain Crown Vault,Continent-Shift Node
255,Valley Vault,World-Crown Rotation Engine
256,Desert Vault,Realm-Crown Dimensional Node
257,Oasis Vault,Empire-Crown Expansion Engine
258,Island Vault,Kingdom-Flow Governance Node
259,Continent Vault,Dynasty-Lineage Engine
260,World Crown Vault,Civilization-Growth Matrix
261,Realm Crown Vault,City-Core Infrastructure Node
262,Empire Crown Vault,Village-Harmony Engine
263,Kingdom Vault,Temple-Crown Sanctity Node
264,Dynasty Vault,Shrine-Crown Blessing Engine
265,Civilization Vault,Sanctuary-Shield Node
266,City Vault,Cathedral-Resonance Engine
267,Village Vault,Monastery-Balance Node
268,Temple Crown Vault,Chapel-Light Engine
269,Shrine Crown Vault,Altar-Crown Focus Node
270,Sanctuary Vault,Sacrament-Flow Engine
271,Cathedral Vault,Prayer-Signal Node
272,Monastery Vault,Faith-Crown Radiance Engine
273,Chapel Vault,Hope-Crown Projection Node
274,Altar Crown Vault,Charity-Flow Engine
275,Sacrament Vault,Grace-Field Modulator
276,Prayer Vault,Mercy-Pulse Node
277,Faith Vault,Compassion-Wave Engine
278,Hope Crown Vault,Love-Field Amplifier
279,Charity Vault,Peace-Harmony Node
280,Grace Vault,Harmony-Crown Frequency Engine
281,Mercy Vault,Unity-Crown Synchronization Node
282,Compassion Vault,Justice-Crown Balance Engine
283,Love Vault,Law-Flow Regulation Node
284,Peace Vault,Order-Crown Structure Engine
285,War Vault,Chaos-Crown Entropy Node
286,Victory Vault,Balance-Crown Equilibrium Engine
287,Defeat Vault,Harmony-Crown Resonance Node
288,Glory Vault,Unity-Crown Integration Engine
289,Honor Crown Vault,Universe-Cycle Expansion Node
290,Valor Vault,Infinity-Crown Continuity Engine
291,Courage Vault,Eternity-Crown Flow Node
292,Strength Crown Vault,Horizon-Edge Projection Engine
293,Power Crown Vault,Summit-Peak Stabilizer
294,Wisdom Crown Vault,Pinnacle-Height Engine
295,Knowledge Vault,Zenith-Apex Node
296,Truth Crown Vault,Apex-Crown Ascension Engine
297,Justice Crown Vault,Vertex-Point Stabilizer
298,Law Vault,Axis-Crown Alignment Engine
299,Order Crown Vault,Compass-Direction Node
300,Chaos Crown Vault,North-Crown Polar Engine
301,Balance Crown Vault,South-Crown Meridian Node
302,Harmony Crown Vault,East-Crown Dawn Engine
303,Unity Crown Vault,West-Crown Dusk Node
304,Universe Vault,Crossroads-Crown Path Engine
305,Infinity Vault,Pathway-Crown Route Node
306,Eternity Vault,Passage-Crown Transition Engine
307,Horizon Vault,Corridor-Flow Node
308,Summit Vault,Tunnel-Depth Engine
309,Pinnacle Vault,Cavern-Echo Node
310,Zenith Vault,Chamber-Crown Resonance Engine
311,Apex Vault,Dome-Crown Curvature Node
312,Vertex Vault,Sphere-Crown Field Engine
313,Axis Crown Vault,Cube-Crown Structure Node
314,Compass Vault,Prism-Crown Light Engine
315,North Vault,Crystal-Crown Refraction Node
316,South Vault,Gemstone-Crown Energy Engine
317,East Vault,Jewel-Crown Radiance Node
318,West Vault,Treasure-Crown Value Engine
319,Crossroads Vault,Relic-Crown Preservation Node
320,Pathway Vault,Artifact-Crown Memory Engine
321,Passage Vault,Monument-Crown Legacy Node
322,Corridor Vault,Statue-Crown Form Engine
323,Tunnel Vault,Idol-Crown Symbol Node
324,Cavern Vault,Totem-Crown Spirit Engine
325,Chamber Crown Vault,Inscription-Crown Etching Engine
326,Dome Vault,Scroll-Crown Data Engine
327,Sphere Vault,Manuscript-Crown Script Node
328,Cube Vault,Codex-Crown Encoding Engine
329,Pyramid Crown Vault,Chronicle-Crown Record Node
330,Prism Vault,Record-Crown Archive Engine
331,Crystal Crown Vault,Ledger-Crown Entry Node
332,Gemstone Vault,Account-Crown Balance Engine
333,Jewel Vault,Register-Crown Index Node
334,Treasure Vault,Index-Crown Mapping Engine
335,Relic Vault,Catalog-Crown Sorting Node
336,Artifact Vault,Archive-Crown Memory Engine
337,Monument Vault,Memory-Crown Retention Node
338,Statue Vault,Echo-Crown Reflection Engine
339,Idol Vault,Resonance-Crown Frequency Node
340,Totem Vault,Vibration-Crown Pulse Engine
341,Sigil Crown Vault,Frequency-Crown Wave Node
342,Glyph Crown Vault,Tone-Crown Modulation Engine
343,Rune Crown Vault,Sound-Crown Projection Node
344,Inscription Vault,Voice-Crown Expression Engine
345,Scroll Crown Vault,Song-Crown Melody Node
346,Manuscript Vault,Melody-Crown Harmony Engine
347,Codex Vault,Harmony-Crown Tone Node
348,Chronicle Vault,Rhythm-Crown Beat Engine
349,Record Vault,Beat-Crown Pulse Node
350,Ledger Vault,Pulse-Crown Flow Engine
351,Account Crown Vault,Register-Crown Index Node
352,Register Crown Vault,Index-Crown Map Engine
353,Index Crown Vault,Catalog-Crown Sort Node
354,Catalog Crown Vault,Archive-Crown Memory Engine
355,Archive Vault,Memory-Crown Retain Node
356,Memory Crown Vault,Echo-Crown Reflection Engine
357,Echo Vault,Resonance-Crown Frequency Node
358,Resonance Crown Vault,Vibration-Crown Pulse Engine
359,Vibration Crown Vault,Frequency-Crown Wave Node
360,Frequency Crown Vault,Tone-Crown Modulation Engine
361,Tone Crown Vault,Sound-Crown Projection Node
362,Sound Crown Vault,Voice-Crown Expression Engine
363,Voice Crown Vault,Song-Crown Melody Node
364,Song Crown Vault,Melody-Crown Harmony Engine
365,Melody Crown Vault,Harmony-Crown Tone Node
366,Harmony Vault,Rhythm-Crown Beat Engine
367,Rhythm Crown Vault,Beat-Crown Pulse Node
368,Beat Crown Vault,Pulse-Crown Flow Engine
369,Pulse Vault,Motion-Crown Kinetic Node
370,Motion Crown Vault,Dance-Crown Movement Engine
371,Dance Vault,Step-Crown Sequence Node
372,Step Crown Vault,Path-Crown Direction Engine
373,Path Vault,Journey-Crown Travel Node
374,Journey Vault,Quest-Crown Mission Engine
375,Quest Crown Vault,Mission-Crown Purpose Node
376,Mission Crown Vault,Task-Crown Function Engine
377,Task Crown Vault,Duty-Crown Obligation Node
378,Duty Crown Vault,Service-Crown Offering Engine
379,Service Crown Vault,Offering-Crown Tribute Node
380,Offering Crown Vault,Gift-Crown Blessing Engine
381,Gift Crown Vault,Tribute-Crown Honor Node
382,Tribute Crown Vault,Sacrifice-Crown Exchange Engine
383,Sacrifice Crown Vault,Covenant-Crown Pact Node
384,Covenant Crown Vault,Pact-Crown Bond Engine
385,Pact Crown Vault,Oath-Crown Vow Node
386,Oath Crown Vault,Vow-Crown Promise Engine
387,Vow Crown Vault,Promise-Crown Integrity Node
388,Promise Crown Vault,Bond-Crown Unity Engine
389,Bond Vault,Alliance-Crown Treaty Node
390,Alliance Crown Vault,Union-Crown Merge Engine
391,Union Crown Vault,Fellowship-Crown Group Node
392,Fellowship Crown Vault,Brotherhood-Crown Kin Engine
393,Brotherhood Crown Vault,Sisterhood-Crown Harmony Node
394,Sisterhood Crown Vault,Kinship-Crown Lineage Engine
395,Kinship Crown Vault,Family-Crown Heritage Node
396,Family Crown Vault,Ancestor-Crown Memory Engine
397,Ancestor Vault,Heritage-Crown Legacy Node
398,Heritage Vault,Legacy-Crown Continuity Engine
399,Legacy Vault,Tradition-Crown Ritual Node
400,Tradition Crown Vault,Culture-Crown Identity Engine
401,Innovation Vault,Insight-Processing Kernel
402,Discovery Vault,Force-Output Amplifier
403,Invention Vault,Physical Capacity Enhancer
404,Creation Crown Vault,Integrity-Protocol Engine
405,Imagination Vault,Subconscious Projection Node
406,Inspiration Vault,Etheric Flow Stabilizer
407,Visionary Crown Vault,Essence Preservation Core
408,Idea Vault,Cognitive Expansion Engine
409,Concept Vault,Emotional-Energy Synchronization Engine
410,Design Crown Vault,Sovereign Authority Matrix
411,Blueprint Vault,Leadership Command Kernel
412,Model Vault,Influence-Field Harmonizer
413,Prototype Vault,Ascension Potential Engine
414,Structure Vault,Grace-Flow Amplifier
415,Framework Vault,Protection Barrier Generator
416,System Crown Vault,Surveillance Awareness Node
417,Mechanism Vault,Preservation Lock Engine
418,Process Vault,Discovery Pathway Scanner
419,Method Vault,Dimensional Transit Module
420,Formula Vault,Adaptive Mobility Engine
421,Equation Vault,Journey Stabilization Field
422,Algorithm Vault,Foresight Prediction Kernel
423,Program Vault,Revelation Transmission Node
424,Code Crown Vault,Knowledge Recording Engine
425,Script Crown Vault,Learning Acceleration Module
426,Sequence Vault,Growth-Cycle Enhancer
427,Pattern Vault,Skill-Perfection Engine
428,Cycle Crown Vault,Construction Blueprint Generator
429,Rotation Vault,Innovation Spark Engine
430,Orbit Crown Vault,Prototype Fabrication Node
431,Revolution Vault,System Optimization Kernel
432,Evolution Vault,Structural Design Matrix
433,Mutation Vault,Aesthetic Pattern Engine
434,Transformation Vault,Expression-Flow Amplifier
435,Metamorphosis Vault,Symbolic Resonance Node
436,Transition Vault,Vocal Frequency Modulator
437,Shift Vault,Motion-Harmony Engine
438,Change Vault,Combat Efficiency Module
439,Adaptation Vault,Honor-Bound Defense Engine
440,Adjustment Vault,Precision-Strike Kernel
441,Modification Vault,Stealth-Field Generator
442,Alteration Vault,Target Acquisition Node
443,Conversion Vault,Trajectory Stabilization Engine
444,Translation Vault,Arcane Energy Converter
445,Transmission Vault,Spell-Weave Amplifier
446,Communication Vault,Chaos-Energy Channeler
447,Message Vault,Restoration Pulse Engine
448,Signal Crown Vault,Sacred Blessing Node
449,Beacon Vault,Inner-Balance Stabilizer
450,Light Crown Vault,Celestial Radiance Core
451,Flame Crown Vault,Boreal-Light Ignition Engine
452,Torch Vault,Signal-Fire Projection Node
453,Lantern Vault,Pathway-Illumination Engine
454,Lamp Vault,Glow-Field Stabilizer
455,Candle Vault,Sacred-Flame Preservation Node
456,Spark Vault,Ignition-Pulse Generator
457,Glow Vault,Aura-Field Modulator
458,Shine Vault,Radiance-Output Engine
459,Radiance Vault,Brightness-Amplification Node
460,Brilliance Vault,Clarity-Field Modulator
461,Illumination Vault,Insight-Projection Engine
462,Enlightenment Vault,Awakening-Trigger Node
463,Knowledge Crown Vault,Data-Retention Engine
464,Wisdom Crown Vault,Deep-Insight Analyzer
465,Understanding Vault,Comprehension-Matrix Node
466,Insight Vault,Pattern-Recognition Engine
467,Awareness Vault,Perception-Field Node
468,Consciousness Vault,Awareness-Expansion Engine
469,Mind Crown Vault,Thought-Processing Core
470,Thought Vault,Cognitive-Stream Node
471,Idea Crown Vault,Concept-Formation Engine
472,Dream Crown Vault,Subconscious-Projection Node
473,Vision Crown Vault,Foresight-Amplification Engine
474,Prophecy Crown Vault,Timeline-Signal Receiver
475,Revelation Vault,Truth-Disclosure Node
476,Inspiration Crown Vault,Creative-Spark Engine
477,Creativity Vault,Artistic-Expression Node
478,Expression Vault,Emotive-Projection Engine
479,Art Crown Vault,Aesthetic-Resonance Node
480,Music Crown Vault,Harmonic-Composition Engine
481,Dance Crown Vault,Motion-Expression Node
482,Poetry Vault,Verse-Pattern Engine
483,Literature Vault,Story-Weave Node
484,Story Vault,Narrative-Construction Engine
485,Myth Vault,Archetype-Projection Node
486,Legend Vault,Heroic-Pattern Engine
487,Tale Vault,Chronicle-Weave Node
488,Saga Vault,Epic-Narrative Engine
489,Epic Vault,Grand-Narrative Node
490,Chronicle Crown Vault,Timeline-Recording Engine
491,History Vault,Past-Retention Node
492,Past Vault,Memory-Archive Engine
493,Present Vault,Moment-Flow Node
494,Future Vault,Probability-Projection Engine
495,Destiny Crown Vault,Fate-Weave Generator
496,Fate Crown Vault,Destiny-Thread Node
497,Fortune Vault,Luck-Probability Engine
498,Luck Vault,Chance-Alignment Node
499,Chance Vault,Opportunity-Gateway Engine
500,Opportunity Vault,Path-Opening Node
501,Horizon Crown Vault,Edge-Projection Engine
502,Summit Crown Vault,Peak-Stabilization Node
503,Pinnacle Crown Vault,Height-Amplification Engine
504,Zenith Crown Vault,Apex-Projection Node
505,Apex Crown Vault,Vertex-Alignment Engine
506,Vertex Crown Vault,Axis-Stabilization Node
507,Axis Vault,Compass-Calibration Engine
508,Compass Crown Vault,Direction-Projection Node
509,North Crown Vault,Polar-Alignment Engine
510,South Crown Vault,Meridian-Stabilization Node
511,East Crown Vault,Dawn-Projection Engine
512,West Crown Vault,Dusk-Stabilization Node
513,Crossroads Crown Vault,Path-Intersection Engine
514,Pathway Crown Vault,Route-Projection Node
515,Passage Crown Vault,Transition-Stabilization Engine
516,Corridor Crown Vault,Flow-Regulation Node
517,Tunnel Crown Vault,Depth-Projection Engine
518,Cavern Crown Vault,Echo-Amplification Node
519,Chamber Vault,Resonance-Stabilization Engine
520,Dome Crown Vault,Curvature-Projection Node
521,Sphere Crown Vault,Field-Alignment Engine
522,Cube Crown Vault,Structure-Stabilization Node
523,Prism Crown Vault,Light-Refraction Engine
524,Crystal Vault,Refraction-Projection Node
525,Gemstone Crown Vault,Charge-Amplification Engine
526,Jewel Crown Vault,Spark-Projection Node
527,Treasure Crown Vault,Vault-Retention Engine
528,Relic Crown Vault,Echo-Recording Node
529,Artifact Crown Vault,Archive-Amplification Engine
530,Monument Crown Vault,Pillar-Stabilization Node
531,Statue Crown Vault,Form-Projection Engine
532,Idol Crown Vault,Focus-Alignment Node
533,Totem Crown Vault,Spirit-Amplification Engine
534,Sigil Vault,Seal-Projection Node
535,Glyph Vault,Pattern-Encoding Engine
536,Rune Vault,Script-Decoding Node
537,Inscription Crown Vault,Etch-Stabilization Engine
538,Scroll Vault,Record-Projection Node
539,Manuscript Crown Vault,Text-Encoding Engine
540,Codex Crown Vault,Archive-Retention Node
541,Chronicle Vault,History-Projection Engine
542,Record Crown Vault,Entry-Recording Node
543,Ledger Crown Vault,Balance-Stabilization Engine
544,Account Crown Vault,Register-Projection Node
545,Register Crown Vault,Index-Alignment Engine
546,Index Crown Vault,Map-Projection Node
547,Catalog Crown Vault,Sort-Stabilization Engine
548,Archive Vault,Memory-Retention Node
549,Memory Crown Vault,Retention-Projection Engine
550,Echo Vault,Reflection-Amplification Node
551,Resonance Crown Vault,Frequency-Projection Node
552,Vibration Crown Vault,Pulse-Amplification Engine
553,Frequency Crown Vault,Wave-Stabilization Node
554,Tone Crown Vault,Modulation-Projection Engine
555,Sound Crown Vault,Projection-Amplification Node
556,Voice Crown Vault,Expression-Recording Engine
557,Song Crown Vault,Melody-Construction Node
558,Melody Crown Vault,Harmony-Projection Engine
559,Harmony Vault,Tone-Alignment Node
560,Rhythm Crown Vault,Beat-Amplification Engine
561,Beat Crown Vault,Pulse-Projection Node
562,Pulse Vault,Flow-Stabilization Engine
563,Motion Crown Vault,Kinetic-Projection Node
564,Dance Vault,Movement-Recording Engine
565,Step Crown Vault,Sequence-Alignment Node
566,Path Vault,Direction-Projection Engine
567,Journey Vault,Travel-Stabilization Node
568,Quest Crown Vault,Mission-Amplification Engine
569,Mission Crown Vault,Purpose-Projection Node
570,Task Crown Vault,Function-Recording Engine
571,Duty Crown Vault,Obligation-Stabilization Node
572,Service Crown Vault,Offering-Projection Engine
573,Offering Crown Vault,Tribute-Amplification Node
574,Gift Crown Vault,Blessing-Projection Engine
575,Tribute Crown Vault,Honor-Recording Node
576,Sacrifice Crown Vault,Exchange-Stabilization Engine
577,Covenant Crown Vault,Pact-Projection Node
578,Pact Crown Vault,Bond-Amplification Engine
579,Oath Crown Vault,Vow-Projection Node
580,Vow Crown Vault,Promise-Recording Engine
581,Promise Crown Vault,Integrity-Stabilization Node
582,Bond Crown Vault,Unity-Projection Engine
583,Alliance Crown Vault,Treaty-Amplification Node
584,Union Crown Vault,Merge-Projection Engine
585,Fellowship Crown Vault,Group-Recording Node
586,Brotherhood Crown Vault,Kin-Stabilization Engine
587,Sisterhood Crown Vault,Harmony-Projection Node
588,Kinship Crown Vault,Lineage-Amplification Engine
589,Family Crown Vault,Heritage-Projection Node
590,Ancestor Vault,Memory-Recording Engine
591,Heritage Vault,Legacy-Stabilization Node
592,Legacy Vault,Continuity-Projection Engine
593,Tradition Crown Vault,Ritual-Amplification Node
594,Culture Crown Vault,Identity-Projection Engine
595,Civilization Crown Vault,Structure-Recording Node
596,Society Crown Vault,Order-Stabilization Engine
597,Community Crown Vault,Network-Projection Node
598,Nation Crown Vault,Sovereignty-Amplification Engine
599,Empire Crown Vault,Expansion-Projection Node
600,Realm Crown Vault,Dimensional-Recording Engine
601,Origin Vault,Source-Recording Engine
602,Source Vault,Essence-Stabilization Node
603,Essence Vault,Core-Projection Engine
604,Core Vault,Foundation-Amplification Node
605,Root Vault,Base-Projection Engine
606,Seed Vault,Growth-Recording Node
607,Sprout Vault,Emergence-Stabilization Engine
608,Bloom Vault,Flower-Projection Node
609,Flower Vault,Petal-Amplification Engine
610,Petal Vault,Layer-Projection Node
611,Leaf Vault,Pattern-Recording Engine
612,Branch Vault,Split-Stabilization Node
613,Tree Vault,Life-Projection Engine
614,Forest Crown Vault,Growth-Amplification Node
615,Jungle Vault,Density-Projection Engine
616,Savanna Vault,Field-Recording Node
617,Prairie Vault,Grass-Stabilization Engine
618,Meadow Vault,Bloom-Projection Node
619,Garden Vault,Cultivation-Amplification Engine
620,Field Vault,Harvest-Projection Node
621,Harvest Vault,Yield-Recording Engine
622,Granary Vault,Storage-Stabilization Node
623,Bread Vault,Nourishment-Projection Engine
624,Feast Vault,Celebration-Amplification Node
625,Banquet Vault,Abundance-Projection Engine
626,Table Vault,Gathering-Recording Node
627,Cup Vault,Vessel-Stabilization Engine
628,Chalice Vault,Ritual-Projection Node
629,Wine Vault,Fermentation-Amplification Engine
630,Water Vault,Purity-Projection Node
631,River Vault,Flow-Recording Engine
632,Lake Vault,Stillness-Stabilization Node
633,Sea Vault,Depth-Projection Engine
634,Ocean Vault,Tide-Amplification Node
635,Wave Vault,Motion-Projection Engine
636,Tide Vault,Pull-Recording Node
637,Current Vault,Drift-Stabilization Engine
638,Stream Vault,Flow-Projection Node
639,Brook Vault,Ripple-Amplification Engine
640,Spring Vault,Source-Projection Node
641,Fountain Vault,Jet-Recording Engine
642,Well Vault,Reservoir-Stabilization Node
643,Reservoir Vault,Depth-Projection Engine
644,Aquifer Vault,Flow-Amplification Node
645,Rain Vault,Drop-Projection Engine
646,Storm Vault,Surge-Recording Node
647,Cloud Vault,Vapor-Stabilization Engine
648,Mist Vault,Diffusion-Projection Node
649,Fog Vault,Density-Amplification Engine
650,Snow Vault,Crystal-Projection Node
651,Ice Vault,Freeze-Projection Engine
652,Glacier Vault,Mass-Recording Node
653,Frost Vault,Chill-Stabilization Engine
654,Hail Vault,Impact-Projection Node
655,Thunder Vault,Shock-Amplification Engine
656,Lightning Vault,Strike-Projection Node
657,Tempest Vault,Turbulence-Recording Engine
658,Cyclone Vault,Spiral-Stabilization Node
659,Hurricane Vault,Force-Projection Engine
660,Tornado Vault,Vortex-Amplification Node
661,Whirlwind Vault,Spin-Projection Node
662,Gale Vault,Wind-Recording Engine
663,Breeze Vault,Flow-Stabilization Node
664,Wind Vault,Current-Projection Engine
665,Air Vault,Pressure-Amplification Node
666,Breath Vault,Life-Projection Node
667,Spirit Vault,Essence-Recording Engine
668,Soul Vault,Resonance-Stabilization Node
669,Aura Vault,Field-Projection Engine
670,Energy Vault,Pulse-Amplification Node
671,Force Vault,Output-Projection Engine
672,Power Vault,Surge-Recording Node
673,Strength Vault,Density-Stabilization Engine
674,Might Vault,Amplifier-Projection Node
675,Valor Vault,Courage-Recording Engine
676,Courage Vault,Heart-Stabilization Node
677,Bravery Vault,Resolve-Projection Engine
678,Hero Vault,Legacy-Amplification Node
679,Champion Vault,Triumph-Projection Node
680,Victor Vault,Ascend-Recording Engine
681,Conqueror Vault,Dominion-Stabilization Node
682,Ruler Vault,Authority-Projection Engine
683,Leader Vault,Command-Recording Node
684,Guide Vault,Direction-Stabilization Engine
685,Mentor Vault,Wisdom-Projection Node
686,Teacher Vault,Knowledge-Amplification Engine
687,Student Vault,Growth-Projection Node
688,Apprentice Vault,Learning-Recording Engine
689,Disciple Vault,Devotion-Stabilization Node
690,Follower Vault,Path-Projection Engine
691,Believer Vault,Faith-Amplification Node
692,Faith Vault,Radiance-Projection Engine
693,Hope Vault,Projection-Recording Node
694,Charity Vault,Giving-Stabilization Engine
695,Grace Vault,Blessing-Projection Node
696,Mercy Vault,Compassion-Amplification Engine
697,Compassion Vault,Heart-Projection Node
698,Love Vault,Unity-Recording Engine
699,Peace Vault,Harmony-Stabilization Node
700,Harmony Vault,Balance-Projection Engine
701,Unity Vault,Integration-Projection Node
702,Order Vault,Structure-Recording Engine
703,Justice Vault,Equilibrium-Stabilization Node
704,Law Vault,Regulation-Projection Engine
705,Truth Vault,Clarity-Amplification Node
706,Wisdom Vault,Insight-Projection Engine
707,Knowledge Vault,Data-Recording Node
708,Understanding Vault,Comprehension-Stabilization Engine
709,Insight Vault,Vision-Projection Node
710,Awareness Vault,Perception-Recording Node
711,Consciousness Vault,Expansion-Projection Engine
712,Enlightenment Vault,Illumination-Amplification Node
713,Illumination Vault,Radiance-Projection Engine
714,Radiance Vault,Light-Recording Node
715,Brilliance Vault,Shine-Stabilization Engine
716,Glory Vault,Triumph-Projection Node
717,Honor Vault,Integrity-Amplification Engine
718,Destiny Vault,Path-Projection Node
719,Fate Vault,Thread-Recording Engine
720,Fortune Vault,Chance-Stabilization Node
721,Luck Vault,Probability-Projection Engine
722,Chance Vault,Opportunity-Recording Node
723,Opportunity Vault,Gateway-Projection Engine
724,Ascension Vault,Rise-Amplification Node
725,Transcendence Vault,Beyond-Projection Engine
726,Elevation Vault,Height-Recording Node
727,Clarity Vault,Focus-Stabilization Engine
728,Purity Vault,Cleanse-Projection Node
729,Sanctity Vault,Sacred-Amplification Engine
730,Divinity Vault,Celestial-Projection Node
731,Infinity Crown Vault,Endless-Recording Engine
732,Eternity Crown Vault,Timeless-Stabilization Node
733,Immortality Vault,Continuity-Projection Engine
734,Everlasting Vault,Endure-Recording Node
735,Unending Vault,Flow-Stabilization Engine
736,Boundless Vault,Expansion-Projection Node
737,Limitless Vault,Infinite-Amplification Engine
738,Timeless Crown Vault,Eternal-Projection Node
739,Celestial Crown Vault,Star-Recording Engine
740,Astral Crown Vault,Ether-Stabilization Node
741,Solar Crown Vault,Radiance-Projection Engine
742,Lunar Crown Vault,Reflection-Recording Node
743,Stellar Crown Vault,Fusion-Projection Engine
744,Galactic Crown Vault,Spiral-Amplification Node
745,Universal Crown Vault,Field-Projection Engine
746,Multiverse Crown Vault,Layer-Recording Node
747,Omniverse Crown Vault,Continuum-Stabilization Engine
748,Creation Crown Vault,Spark-Projection Node
749,Origin Crown Vault,Source-Amplification Engine
750,Primordial Crown Vault,Essence-Projection Node
751,Elemental Crown Vault,Force-Projection Engine
752,Essence Crown Vault,Core-Recording Node
753,Core Crown Vault,Foundation-Stabilization Engine
754,Source Crown Vault,Flow-Projection Node
755,Well Crown Vault,Reservoir-Recording Engine
756,Spring Crown Vault,Pulse-Stabilization Node
757,River Crown Vault,Flow-Projection Engine
758,Ocean Crown Vault,Depth-Recording Node
759,Sky Crown Vault,Atmosphere-Stabilization Engine
760,Storm Crown Vault,Turbulence-Projection Node
761,Thunder Crown Vault,Discharge-Recording Engine
762,Lightning Crown Vault,Conduction-Stabilization Node
763,Tempest Crown Vault,Vortex-Projection Engine
764,Cyclone Crown Vault,Spiral-Recording Node
765,Hurricane Crown Vault,Pressure-Stabilization Engine
766,Volcano Crown Vault,Eruption-Projection Node
767,Earthquake Crown Vault,Disruption-Recording Engine
768,Tsunami Crown Vault,Surge-Stabilization Node
769,Avalanche Crown Vault,Mass-Projection Engine
770,Blizzard Crown Vault,Freeze-Recording Node
771,Wildfire Crown Vault,Ignition-Stabilization Engine
772,Nature Crown Vault,Growth-Projection Node
773,Forest Crown Vault,Life-Recording Engine
774,Mountain Crown Vault,Stability-Stabilization Node
775,Valley Crown Vault,Resonance-Projection Engine
776,Desert Crown Vault,Heat-Recording Node
777,Oasis Crown Vault,Hydration-Stabilization Engine
778,Island Crown Vault,Formation-Projection Node
779,Continent Crown Vault,Shift-Recording Engine
780,World Crown Vault,Rotation-Stabilization Node
781,Realm Crown Vault,Dimensional-Projection Engine
782,Empire Crown Vault,Expansion-Recording Node
783,Kingdom Crown Vault,Governance-Stabilization Engine
784,Dynasty Crown Vault,Lineage-Projection Node
785,Civilization Crown Vault,Growth-Recording Engine
786,City Crown Vault,Infrastructure-Stabilization Node
787,Village Crown Vault,Harmony-Projection Engine
788,Temple Crown Vault,Sanctity-Recording Node
789,Shrine Crown Vault,Blessing-Stabilization Engine
790,Sanctuary Crown Vault,Shield-Projection Node
791,Cathedral Crown Vault,Resonance-Recording Engine
792,Monastery Crown Vault,Balance-Stabilization Node
793,Chapel Crown Vault,Light-Projection Engine
794,Altar Crown Vault,Focus-Recording Node
795,Sacrament Crown Vault,Flow-Stabilization Engine
796,Prayer Crown Vault,Signal-Projection Node
797,Faith Crown Vault,Radiance-Recording Engine
798,Hope Crown Vault,Projection-Stabilization Node
799,Charity Crown Vault,Giving-Projection Engine
800,Grace Crown Vault,Blessing-Recording Node
801,Mercy Crown Vault,Compassion-Stabilization Engine
802,Compassion Crown Vault,Heart-Projection Node
803,Love Crown Vault,Unity-Recording Engine
804,Peace Crown Vault,Harmony-Stabilization Node
805,Harmony Crown Vault,Resonance-Projection Engine
806,Unity Crown Vault,Integration-Recording Node
807,Order Crown Vault,Structure-Stabilization Engine
808,Justice Crown Vault,Equilibrium-Projection Node
809,Balance Crown Vault,Equilibrium-Recording Engine
810,Equilibrium Crown Vault,Stabilization-Projection Node
811,Infinity Crown Vault,Endless-Recording Engine
812,Eternity Crown Vault,Timeless-Stabilization Node
813,Immortality Crown Vault,Continuity-Projection Engine
814,Timeless Crown Vault,Eternal-Recording Node
815,Unity Crown Vault,Final-Integration Engine
